Table: Green area per capita ,,,,,,,,,,,,,,,,
Variable,,Green area per capita (square meters per capita) ,,,,,,,,,,,,,,
Year,,2000,2001,2002,2003,2004,2005,2006,2007,2008,2009,2010,2011,2012,2013,2014
Metropolitan areas,,,,,,,,,,,,,,,,
Australia,,..,..,..,..,..,..,..,..,..,..,..,..,..,..,..
  Sydney,,224.95,224.94,224.98,224.95,224.97,224.96,224.98,224.97,224.98,224.98,224.95,224.96,224.97,224.98,224.94
  Melbourne,,152.19,152.19,152.18,152.21,152.2,152.18,152.2,152.17,152.19,152.2,152.2,152.18,152.2,152.19,152.17
  Brisbane,,1158.08,1158.09,1158.08,1158.08,1158.08,1158.08,1158.09,1158.09,1158.08,1158.08,1158.07,1158.07,1158.07,1158.07,1158.07
  Perth,,78.13,78.14,78.14,78.14,78.14,78.14,78.14,78.13,78.14,78.15,78.14,78.15,78.14,78.14,78.14
  Adelaide,,37.14,37.14,37.14,37.15,37.14,37.15,37.14,37.14,37.13,37.15,37.14,37.14,37.14,37.14,37.14
  Gold Coast-Tweed Heads,,108.62,108.62,108.62,108.62,108.62,108.62,108.62,108.62,108.62,108.62,108.62,108.62,108.62,108.62,108.62
Austria,,..,..,..,..,..,..,..,..,..,..,..,..,..,..,..
  Vienna,,620.15,620.14,620.15,620.16,620.16,620.14,620.15,620.15,620.16,620.14,620.15,620.15,620.16,620.14,620.16
  Graz,,551.67,551.67,551.67,551.67,551.67,551.67,551.67,551.67,551.67,551.67,551.67,551.68,551.67,551.68,551.67
  Linz,,1043.67,1043.67,1043.67,1043.67,1043.67,1043.67,1043.67,1043.67,1043.67,1043.67,1043.67,1043.67,1043.67,1043.67,1043.67
Belgium,,..,..,..,..,..,..,..,..,..,..,..,..,..,..,..
  Brussels,,738.42,738.43,738.43,738.43,738.42,738.42,738.42,738.44,738.43,738.42,738.44,738.43,738.44,738.43,738.44
  Antwerp,,331.43,331.43,331.43,331.43,331.43,331.44,331.43,331.43,331.43,331.44,331.43,331.43,331.43,331.44,331.43
  Ghent,,429.1,429.1,429.1,429.1,429.1,429.1,429.1,429.1,429.1,429.11,429.1,429.1,429.1,429.1,429.1
  Liege,,357.4,357.4,357.41,357.41,357.4,357.41,357.41,357.4,357.41,357.41,357.4,357.4,357.41,357.41,357.4
Canada,,..,..,..,..,..,..,..,..,..,..,..,..,..,..,..
  Vancouver,,244.5,244.5,244.49,244.49,244.5,244.51,244.5,244.49,244.49,244.49,244.5,244.5,244.5,244.49,244.49
  Montreal,,3130.36,3130.38,3130.35,3130.37,3130.37,3130.36,3130.38,3130.38,3130.36,3130.38,3130.37,3130.38,3130.37,3130.38,3130.35
  Toronto,,9016.12,9016.11,9016.1,9016.11,9016.12,9016.09,9016.08,9016.08,9016.12,9016.11,9016.11,9016.1,9016.08,9016.06,9016.11
  Edmonton,,6261.38,6261.38,6261.38,6261.38,6261.37,6261.37,6261.38,6261.38,6261.37,6261.38,6261.37,6261.38,6261.38,6261.37,6261.38
  Calgary,,1492.95,1492.95,1492.95,1492.95,1492.95,1492.95,1492.95,1492.95,1492.96,1492.96,1492.96,1492.95,1492.94,1492.96,1492.95
  Winnipeg,,3741.07,3741.07,3741.07,3741.07,3741.07,3741.07,3741.07,3741.07,3741.07,3741.07,3741.07,3741.07,3741.07,3741.07,3741.07
  Quebec,,1376.82,1376.82,1376.82,1376.82,1376.82,1376.82,1376.82,1376.82,1376.82,1376.82,1376.82,1376.82,1376.82,1376.82,1376.82
  Ottawa-Gatineau,,5696.83,5696.83,5696.82,5696.82,5696.83,5696.82,5696.83,5696.82,5696.83,5696.83,5696.82,5696.82,5696.83,5696.82,5696.83
  Hamilton,,1722.42,1722.42,1722.42,1722.42,1722.42,1722.42,1722.42,1722.42,1722.42,1722.42,1722.42,1722.42,1722.42,1722.42,1722.42
Switzerland,,..,..,..,..,..,..,..,..,..,..,..,..,..,..,..
  Zurich,,334.87,334.87,334.86,334.87,334.86,334.87,334.87,334.87,334.87,334.87,334.87,334.87,334.86,334.86,334.87
  Geneva,,551.46,551.46,551.46,551.46,551.46,551.46,551.46,551.46,551.46,551.46,551.45,551.46,551.46,551.45,551.46
  Basel,,286.57,286.57,286.57,286.57,286.57,286.57,286.57,286.57,286.57,286.57,286.57,286.57,286.57,286.57,286.57
Chile,,..,..,..,..,..,..,..,..,..,..,..,..,..,..,..
  Valparaíso,,3.44,3.43,3.43,3.44,3.44,3.44,3.43,3.44,3.44,3.44,3.44,3.43,3.43,3.44,3.43
  Santiago,,116.77,116.78,116.75,116.8,116.75,116.78,116.76,116.77,116.79,116.76,116.75,116.76,116.78,116.76,116.75
  Concepción,,6.01,6.01,6.01,6.01,6.01,6.01,6.01,6.01,6.01,6.01,6.01,6.01,6.01,6.01,6.01
Czech Republic,,..,..,..,..,..,..,..,..,..,..,..,..,..,..,..
  Prague,,504.44,504.44,504.46,504.45,504.45,504.45,504.44,504.44,504.45,504.44,504.45,504.45,504.46,504.45,504.44
  Brno,,284.21,284.21,284.21,284.21,284.21,284.21,284.21,284.21,284.21,284.21,284.21,284.2,284.21,284.21,284.21
  Ostrava,,278.63,278.63,278.63,278.63,278.63,278.63,278.63,278.63,278.63,278.62,278.63,278.63,278.63,278.63,278.63
Germany,,..,..,..,..,..,..,..,..,..,..,..,..,..,..,..
  Berlin,,906.29,906.28,906.29,906.29,906.3,906.27,906.29,906.27,906.3,906.3,906.31,906.28,906.31,906.3,906.31
  Hamburg,,2750.64,2750.64,2750.63,2750.63,2750.65,2750.63,2750.65,2750.63,2750.63,2750.62,2750.65,2750.63,2750.63,2750.64,2750.62
  Munich,,1601.14,1601.13,1601.14,1601.14,1601.14,1601.13,1601.15,1601.13,1601.14,1601.14,1601.14,1601.13,1601.15,1601.14,1601.13
  Cologne,,135.45,135.46,135.45,135.45,135.45,135.44,135.45,135.45,135.45,135.45,135.45,135.45,135.45,135.46,135.44
  Frankfurt,,253.73,253.72,253.72,253.72,253.72,253.73,253.74,253.73,253.72,253.72,253.72,253.72,253.73,253.72,253.74
  Stuttgart,,346.67,346.68,346.68,346.68,346.67,346.68,346.67,346.67,346.68,346.68,346.68,346.67,346.68,346.68,346.67
  Essen,,31.34,31.34,31.34,31.34,31.34,31.34,31.34,31.34,31.34,31.34,31.34,31.34,31.34,31.34,31.34
  Leipzig,,304.17,304.17,304.17,304.17,304.17,304.17,304.17,304.17,304.17,304.17,304.17,304.17,304.17,304.17,304.17
  Dresden,,430.82,430.82,430.82,430.82,430.82,430.82,430.82,430.82,430.82,430.82,430.82,430.82,430.82,430.82,430.82
  Dortmund,,53.02,53.02,53.02,53.02,53.02,53.02,53.02,53.02,53.02,53.02,53.02,53.02,53.02,53.02,53.02
  Düsseldorf,,76.85,76.85,76.85,76.85,76.85,76.85,76.85,76.85,76.85,76.84,76.85,76.84,76.85,76.85,76.85
  Bremen,,1460.11,1460.11,1460.11,1460.11,1460.11,1460.11,1460.11,1460.11,1460.11,1460.11,1460.11,1460.11,1460.11,1460.1,1460.11
  Hanover,,685.19,685.19,685.19,685.19,685.19,685.19,685.19,685.19,685.2,685.19,685.19,685.19,685.19,685.19,685.19
  Nuremberg,,792.52,792.52,792.52,792.52,792.52,792.52,792.52,792.52,792.52,792.52,792.52,792.52,792.52,792.51,792.52
  Bochum,,17.82,17.82,17.82,17.82,17.82,17.81,17.82,17.82,17.82,17.81,17.82,17.82,17.82,17.82,17.81
  Freiburg im Breisgau,,311.68,311.69,311.68,311.69,311.69,311.68,311.68,311.68,311.68,311.69,311.68,311.68,311.68,311.68,311.68
  Augsburg,,446.71,446.71,446.7,446.7,446.7,446.7,446.7,446.71,446.7,446.7,446.71,446.7,446.71,446.71,446.71
  Bonn,,86.51,86.51,86.51,86.51,86.51,86.51,86.51,86.5,86.51,86.51,86.51,86.51,86.51,86.51,86.51
  Karlsruhe,,153.05,153.05,153.05,153.05,153.05,153.05,153.05,153.05,153.05,153.05,153.05,153.05,153.05,153.05,153.05
  Saarbrücken,,189.55,189.54,189.54,189.55,189.54,189.54,189.54,189.54,189.54,189.54,189.54,189.54,189.54,189.55,189.54
  Duisburg,,101.54,101.54,101.54,101.53,101.54,101.53,101.54,101.53,101.53,101.53,101.53,101.54,101.54,101.53,101.53
  Mannheim,,103.47,103.47,103.46,103.46,103.47,103.47,103.47,103.46,103.47,103.46,103.47,103.47,103.47,103.47,103.47
  Münster,,499.29,499.3,499.29,499.3,499.3,499.29,499.3,499.3,499.29,499.29,499.29,499.3,499.29,499.29,499.29
  Aachen,,143.39,143.39,143.39,143.39,143.39,143.39,143.39,143.39,143.39,143.39,143.39,143.39,143.39,143.39,143.39
Denmark,,..,..,..,..,..,..,..,..,..,..,..,..,..,..,..
  Copenhagen,,761.82,761.82,761.82,761.82,761.82,761.83,761.83,761.82,761.83,761.83,761.82,761.81,761.83,761.83,761.83
Estonia,,..,..,..,..,..,..,..,..,..,..,..,..,..,..,..
  Tallinn,,779.43,779.43,779.43,779.42,779.43,779.42,779.42,779.42,779.42,779.42,779.43,779.43,779.43,779.43,779.43
Spain,,..,..,..,..,..,..,..,..,..,..,..,..,..,..,..
  Madrid,,171.5,171.54,171.53,171.53,171.54,171.49,171.52,171.5,171.5,171.51,171.54,171.52,171.52,171.48,171.53
  Barcelona,,8.81,8.8,8.79,8.79,8.81,8.8,8.79,8.82,8.81,8.8,8.78,8.81,8.8,8.78,8.81
  Valencia,,23.83,23.83,23.82,23.82,23.82,23.82,23.82,23.83,23.83,23.83,23.82,23.83,23.83,23.82,23.82
  Seville,,19.75,19.74,19.75,19.74,19.75,19.75,19.75,19.75,19.75,19.75,19.75,19.74,19.75,19.75,19.75
  Zaragoza,,46.58,46.58,46.58,46.58,46.58,46.58,46.58,46.58,46.58,46.58,46.58,46.58,46.58,46.58,46.59
  Málaga,,23.18,23.18,23.19,23.19,23.18,23.19,23.18,23.18,23.19,23.18,23.19,23.18,23.18,23.19,23.18
  Las Palmas,,54.95,54.95,54.96,54.95,54.95,54.95,54.95,54.95,54.95,54.95,54.95,54.95,54.96,54.95,54.95
  Bilbao,,210.36,210.37,210.37,210.36,210.37,210.36,210.37,210.37,210.36,210.37,210.36,210.37,210.37,210.36,210.36
Finland,,..,..,..,..,..,..,..,..,..,..,..,..,..,..,..
  Helsinki,,115.91,115.92,115.92,115.92,115.91,115.92,115.92,115.92,115.91,115.92,115.92,115.91,115.92,115.92,115.92
France,,..,..,..,..,..,..,..,..,..,..,..,..,..,..,..
  Paris,,1070.47,1070.47,1070.48,1070.5,1070.53,1070.45,1070.5,1070.45,1070.53,1070.51,1070.51,1070.54,1070.47,1070.54,1070.53
  Lyon,,924.53,924.53,924.53,924.54,924.53,924.54,924.54,924.53,924.53,924.53,924.54,924.54,924.54,924.54,924.54
  Marseille,,82.65,82.64,82.64,82.64,82.64,82.64,82.64,82.64,82.64,82.64,82.65,82.65,82.64,82.65,82.65
  Toulouse,,218.31,218.31,218.31,218.31,218.3,218.31,218.3,218.31,218.31,218.3,218.31,218.31,218.3,218.31,218.31
  Strasbourg,,274.12,274.12,274.12,274.12,274.12,274.12,274.12,274.12,274.12,274.12,274.12,274.12,274.12,274.12,274.12
  Bordeaux,,1479.64,1479.64,1479.64,1479.64,1479.64,1479.64,1479.65,1479.64,1479.64,1479.64,1479.64,1479.64,1479.64,1479.64,1479.64
  Nantes,,515.61,515.61,515.61,515.61,515.61,515.61,515.61,515.61,515.61,515.61,515.61,515.61,515.61,515.61,515.61
  Lille,,55.39,55.38,55.38,55.38,55.38,55.38,55.38,55.38,55.39,55.38,55.38,55.38,55.39,55.39,55.38
  Montpellier,,129.01,129.01,129.01,129.01,129.01,129.01,129.01,129.01,129.01,129.01,129.01,129.01,129.01,129.01,129.01
  Saint-Étienne,,580.65,580.65,580.65,580.65,580.65,580.65,580.65,580.65,580.65,580.65,580.65,580.65,580.65,580.65,580.65
  Rennes,,339.59,339.59,339.59,339.59,339.59,339.59,339.59,339.59,339.59,339.59,339.59,339.59,339.59,339.59,339.59
  Grenoble,,717.17,717.18,717.17,717.18,717.18,717.18,717.17,717.17,717.17,717.17,717.17,717.18,717.18,717.17,717.18
  Toulon,,7.51,7.51,7.51,7.51,7.51,7.52,7.52,7.51,7.51,7.51,7.51,7.51,7.51,7.51,7.51
  Nice,,195.55,195.55,195.55,195.55,195.55,195.55,195.56,195.55,195.55,195.55,195.55,195.55,195.56,195.56,195.55
  Rouen,,468.6,468.6,468.6,468.6,468.6,468.6,468.6,468.6,468.6,468.6,468.6,468.6,468.6,468.6,468.6
Greece,,..,..,..,..,..,..,..,..,..,..,..,..,..,..,..
  Athens,,3.43,3.45,3.44,3.42,3.45,3.44,3.42,3.45,3.44,3.43,3.42,3.45,3.44,3.43,3.43
  Thessalonica,,40.14,40.14,40.14,40.15,40.14,40.14,40.14,40.14,40.14,40.14,40.14,40.14,40.14,40.14,40.14
Hungary,,..,..,..,..,..,..,..,..,..,..,..,..,..,..,..
  Budapest,,1187.07,1187.07,1187.07,1187.07,1187.07,1187.07,1187.05,1187.05,1187.07,1187.06,1187.06,1187.07,1187.06,1187.07,1187.06
Ireland,,..,..,..,..,..,..,..,..,..,..,..,..,..,..,..
  Dublin,,35.84,35.84,35.85,35.85,35.85,35.85,35.85,35.85,35.84,35.85,35.84,35.85,35.85,35.85,35.84
Italy,,..,..,..,..,..,..,..,..,..,..,..,..,..,..,..
  Rome,,932.7,932.68,932.7,932.71,932.71,932.7,932.69,932.71,932.68,932.69,932.68,932.68,932.7,932.68,932.69
  Milan,,93.16,93.16,93.17,93.18,93.16,93.14,93.17,93.17,93.17,93.18,93.15,93.17,93.15,93.14,93.18
  Naples,,46.14,46.14,46.14,46.14,46.14,46.14,46.15,46.16,46.14,46.16,46.15,46.14,46.17,46.16,46.16
  Turin,,423.74,423.74,423.74,423.73,423.73,423.73,423.74,423.74,423.73,423.74,423.74,423.74,423.73,423.74,423.73
  Palermo,,41.86,41.86,41.86,41.85,41.86,41.86,41.86,41.85,41.86,41.85,41.85,41.86,41.86,41.86,41.86
  Genova,,238.27,238.27,238.27,238.27,238.27,238.27,238.27,238.27,238.27,238.27,238.27,238.27,238.27,238.27,238.27
  Florence,,366.64,366.64,366.64,366.64,366.64,366.64,366.64,366.64,366.64,366.64,366.64,366.63,366.64,366.64,366.64
  Bari,,0.43,0.43,0.43,0.43,0.43,0.43,0.43,0.43,0.43,0.43,0.43,0.43,0.43,0.43,0.43
  Bologna,,140.39,140.38,140.38,140.39,140.38,140.39,140.38,140.38,140.39,140.39,140.38,140.39,140.38,140.39,140.39
  Catania,,22.11,22.11,22.11,22.11,22.11,22.11,22.11,22.11,22.11,22.11,22.11,22.11,22.11,22.11,22.11
  Venice,,0.64,0.64,0.64,0.64,0.64,0.65,0.65,0.64,0.64,0.64,0.64,0.65,0.64,0.64,0.64
Japan,,..,..,..,..,..,..,..,..,..,..,..,..,..,..,..
  Sendai,,39.07,39.08,39.07,39.07,39.06,39.08,39.07,39.07,39.07,39.07,39.07,39.07,39.06,39.08,39.07
  Sapporo,,369.85,369.85,369.86,369.87,369.86,369.85,369.86,369.86,369.86,369.86,369.85,369.85,369.86,369.87,369.86
  Tokyo,,163.65,163.93,163.9,163.86,163.84,163.81,163.92,163.69,163.79,163.9,163.66,163.7,163.74,163.78,163.82
  Nagoya,,48.49,48.49,48.49,48.49,48.49,48.49,48.51,48.53,48.5,48.52,48.49,48.54,48.52,48.51,48.49
  Osaka,,189.07,189.1,189.13,189.17,189.06,189.12,189.12,189.13,189.15,189.18,189.04,189.11,189.2,189.12,189.05
  Fukuoka,,16.74,16.75,16.74,16.75,16.75,16.74,16.75,16.74,16.75,16.74,16.73,16.75,16.75,16.75,16.74
  Niigata,,169.58,169.58,169.58,169.58,169.58,169.58,169.58,169.58,169.59,169.58,169.58,169.58,169.58,169.58,169.58
  Toyama,,180.1,180.1,180.1,180.1,180.1,180.1,180.1,180.1,180.1,180.1,180.1,180.1,180.1,180.1,180.1
  Nagano,,136.09,136.1,136.1,136.09,136.09,136.1,136.1,136.09,136.09,136.09,136.1,136.09,136.09,136.1,136.1
  Kanazawa,,94.45,94.45,94.45,94.45,94.45,94.45,94.45,94.45,94.45,94.45,94.45,94.45,94.45,94.45,94.45
  Utsunomiya,,72.34,72.34,72.34,72.34,72.34,72.34,72.34,72.34,72.34,72.34,72.34,72.34,72.34,72.34,72.34
  Maebashi,,37.78,37.78,37.78,37.78,37.78,37.78,37.78,37.78,37.78,37.78,37.78,37.78,37.78,37.78,37.78
  Mito,,41.21,41.21,41.22,41.22,41.21,41.21,41.22,41.21,41.21,41.22,41.22,41.22,41.21,41.21,41.21
  Kofu,,19.11,19.11,19.1,19.1,19.1,19.11,19.11,19.11,19.11,19.11,19.1,19.1,19.11,19.1,19.11
  Numazu,,16.96,16.96,16.96,16.96,16.96,16.96,16.96,16.96,16.96,16.96,16.96,16.96,16.96,16.96,16.96
  Shizuoka,,9.44,9.44,9.44,9.44,9.45,9.45,9.45,9.44,9.44,9.44,9.45,9.44,9.45,9.44,9.45
  Anjo,,0.65,0.64,0.64,0.64,0.64,0.64,0.64,0.65,0.64,0.64,0.65,0.64,0.64,0.64,0.64
  Yokkaichi,,15.45,15.46,15.46,15.45,15.46,15.45,15.45,15.46,15.46,15.46,15.45,15.45,15.45,15.45,15.45
  Himeji,,18.89,18.89,18.89,18.89,18.89,18.89,18.89,18.89,18.89,18.89,18.89,18.89,18.89,18.89,18.89
  Toyohashi,,18.89,18.89,18.89,18.89,18.89,18.89,18.89,18.89,18.89,18.89,18.89,18.89,18.89,18.89,18.89
  Hamamatsu,,20.82,20.82,20.82,20.83,20.82,20.82,20.83,20.82,20.82,20.83,20.82,20.82,20.82,20.82,20.82
  Okayama,,74.7,74.7,74.7,74.7,74.7,74.7,74.7,74.7,74.7,74.7,74.7,74.7,74.71,74.7,74.7
  Kurashiki,,12.02,12.02,12.02,12.02,12.02,12.02,12.02,12.02,12.02,12.02,12.02,12.02,12.02,12.02,12.02
  Fukuyama,,18.68,18.68,18.67,18.67,18.68,18.68,18.68,18.68,18.67,18.67,18.68,18.68,18.67,18.68,18.68
  Hiroshima,,16.32,16.32,16.31,16.32,16.31,16.32,16.32,16.32,16.32,16.32,16.31,16.32,16.31,16.32,16.31
  Takamatsu,,10.09,10.09,10.09,10.09,10.09,10.09,10.09,10.09,10.09,10.09,10.09,10.09,10.09,10.09,10.09
  Wakayama,,20.6,20.61,20.61,20.61,20.61,20.61,20.61,20.61,20.61,20.61,20.61,20.61,20.61,20.61,20.61
  Tokushima,,14.81,14.81,14.81,14.81,14.81,14.81,14.81,14.81,14.81,14.81,14.81,14.81,14.81,14.81,14.81
  Kitakyushu,,12.02,12.02,12.02,12.02,12.02,12.02,12.02,12.02,12.02,12.02,12.02,12.02,12.03,12.02,12.02
  Matsuyama,,34.35,34.34,34.35,34.35,34.34,34.35,34.35,34.35,34.34,34.35,34.35,34.35,34.35,34.35,34.35
  Kochi,,12.02,12.02,12.02,12.02,12.02,12.02,12.02,12.02,12.02,12.02,12.02,12.02,12.02,12.02,12.02
  Oita,,33.48,33.49,33.49,33.49,33.49,33.49,33.49,33.49,33.49,33.48,33.49,33.49,33.49,33.49,33.49
  Kumamoto,,23.18,23.18,23.19,23.18,23.18,23.19,23.18,23.18,23.19,23.18,23.19,23.18,23.18,23.19,23.19
  Nagasaki,,7.94,7.94,7.94,7.94,7.94,7.94,7.94,7.94,7.94,7.94,7.94,7.94,7.94,7.94,7.94
  Kagoshima,,8.59,8.59,8.59,8.58,8.58,8.59,8.59,8.59,8.58,8.59,8.59,8.59,8.58,8.59,8.59
  Naha,,107.12,107.12,107.11,107.11,107.11,107.12,107.11,107.11,107.12,107.11,107.11,107.11,107.11,107.12,107.11
Korea,,..,..,..,..,..,..,..,..,..,..,..,..,..,..,..
  Seoul Incheon,,133.24,133.23,133.37,133.26,133.33,133.38,133.2,133.23,133.26,133.3,133.37,133.26,133.19,133.41,133.23
  Daegu,,88.43,88.44,88.44,88.44,88.44,88.44,88.43,88.43,88.44,88.43,88.44,88.45,88.45,88.43,88.43
  Busan,,31.34,31.33,31.34,31.33,31.34,31.33,31.34,31.34,31.33,31.33,31.33,31.33,31.35,31.33,31.34
  Cheongju,,66.76,66.76,66.76,66.76,66.76,66.76,66.76,66.76,66.76,66.76,66.76,66.76,66.76,66.76,66.76
  Daejeon,,49.8,49.81,49.81,49.8,49.8,49.8,49.8,49.8,49.79,49.8,49.8,49.81,49.79,49.81,49.8
  Pohang,,52.38,52.38,52.38,52.38,52.38,52.38,52.37,52.38,52.37,52.38,52.38,52.38,52.38,52.38,52.38
  Jeonju,,30.05,30.05,30.05,30.05,30.05,30.06,30.05,30.05,30.06,30.05,30.05,30.05,30.05,30.05,30.05
  Ulsan,,59.46,59.46,59.46,59.46,59.46,59.46,59.46,59.46,59.46,59.46,59.46,59.46,59.46,59.46,59.46
  Changwon,,1.28,1.29,1.29,1.29,1.29,1.29,1.28,1.29,1.28,1.29,1.29,1.29,1.29,1.29,1.29
  Gwangju,,65.26,65.26,65.25,65.26,65.25,65.25,65.25,65.25,65.26,65.26,65.26,65.26,65.26,65.26,65.26
Mexico,,..,..,..,..,..,..,..,..,..,..,..,..,..,..,..
  Mexicali,,7.94,7.94,7.94,7.94,7.94,7.94,7.94,7.94,7.94,7.94,7.94,7.94,7.94,7.94,7.94
  Tijuana,,1.93,1.93,1.93,1.93,1.94,1.93,1.93,1.92,1.93,1.93,1.93,1.94,1.92,1.92,1.94
  Hermosillo,,22.97,22.97,22.97,22.97,22.97,22.97,22.97,22.97,22.97,22.97,22.97,22.97,22.97,22.97,22.97
  Chihuahua,,1.93,1.93,1.93,1.93,1.93,1.93,1.93,1.93,1.93,1.93,1.93,1.93,1.93,1.93,1.93
  Reynosa,,27.48,27.48,27.48,27.48,27.48,27.48,27.48,27.48,27.48,27.48,27.48,27.48,27.48,27.48,27.48
  Monterrey,,200.91,200.92,200.93,200.93,200.91,200.94,200.94,200.92,200.9,200.93,200.92,200.93,200.92,200.93,200.9
  Torreón,,70.84,70.84,70.84,70.84,70.84,70.84,70.83,70.84,70.84,70.84,70.84,70.84,70.84,70.84,70.84
  Saltillo,,5.8,5.8,5.8,5.8,5.8,5.8,5.8,5.8,5.8,5.8,5.8,5.8,5.8,5.8,5.8
  Culiacán,,561.76,561.76,561.76,561.76,561.76,561.76,561.76,561.76,561.76,561.76,561.76,561.76,561.76,561.76,561.76
  Durango,,127.72,127.72,127.72,127.72,127.72,127.72,127.72,127.72,127.72,127.72,127.72,127.72,127.72,127.72,127.72
  Tampico,,321.99,321.99,321.99,321.99,321.99,321.99,321.99,321.99,321.99,321.99,321.99,321.99,321.99,321.99,321.99
  San Luis Potosí,,37.35,37.35,37.35,37.34,37.35,37.35,37.35,37.35,37.35,37.34,37.35,37.36,37.35,37.34,37.35
  Aguascalientes,,214.44,214.44,214.44,214.44,214.44,214.44,214.44,214.44,214.44,214.44,214.44,214.44,214.44,214.44,214.44
  Benito Juárez,,131.59,131.59,131.59,131.59,131.59,131.59,131.59,131.59,131.59,131.59,131.59,131.59,131.59,131.59,131.59
  León,,200.92,200.92,200.92,200.91,200.93,200.91,200.92,200.91,200.92,200.92,200.91,200.91,200.93,200.92,200.93
  Mérida,,1321.22,1321.22,1321.23,1321.22,1321.22,1321.22,1321.22,1321.22,1321.22,1321.23,1321.21,1321.22,1321.22,1321.21,1321.22
  Guadalajara,,534.95,534.93,534.92,534.92,534.94,534.94,534.94,534.93,534.92,534.95,534.95,534.95,534.95,534.94,534.91
  Irapuato,,116.77,116.77,116.77,116.77,116.77,116.77,116.77,116.77,116.77,116.77,116.77,116.77,116.77,116.77,116.77
  Querétaro,,383.6,383.6,383.6,383.6,383.6,383.6,383.6,383.6,383.6,383.6,383.6,383.6,383.6,383.59,383.61
  Celaya,,181.39,181.39,181.39,181.39,181.39,181.39,181.39,181.39,181.39,181.39,181.39,181.39,181.39,181.39,181.39
  Pachuca de Soto,,137.81,137.81,137.81,137.81,137.81,137.81,137.81,137.81,137.81,137.81,137.81,137.81,137.81,137.81,137.81
  Morelia,,173.87,173.87,173.87,173.87,173.87,173.87,173.87,173.87,173.87,173.87,173.87,173.87,173.87,173.87,173.87
  Mexico City,,538.22,538.2,538.13,538.18,538.17,538.12,538.19,538.22,538.2,538.13,538.2,538.24,538.22,538.16,538.06
  Xalapa,,354.4,354.4,354.4,354.4,354.4,354.4,354.4,354.4,354.4,354.4,354.4,354.4,354.4,354.4,354.4
  Toluca,,427.18,427.18,427.17,427.17,427.16,427.17,427.17,427.17,427.17,427.17,427.17,427.17,427.17,427.18,427.17
  Veracruz,,437.05,437.05,437.05,437.05,437.05,437.05,437.05,437.05,437.05,437.05,437.05,437.05,437.05,437.05,437.05
  Puebla,,253.93,253.93,253.94,253.93,253.94,253.95,253.95,253.94,253.93,253.94,253.94,253.94,253.93,253.93,253.93
  Cuernavaca,,166.36,166.36,166.36,166.36,166.36,166.36,166.36,166.36,166.36,166.36,166.36,166.36,166.36,166.36,166.36
  Centro,,552.1,552.1,552.1,552.1,552.1,552.1,552.1,552.1,552.1,552.1,552.1,552.1,552.1,552.1,552.1
  Oaxaca de Juárez,,193.19,193.19,193.19,193.19,193.19,193.19,193.19,193.19,193.19,193.19,193.19,193.19,193.19,193.19,193.19
  Acapulco de Juárez,,572.92,572.92,572.92,572.92,572.92,572.92,572.92,572.92,572.92,572.92,572.92,572.92,572.92,572.92,572.92
  Tuxtla Gutiérrez,,840.82,840.82,840.82,840.82,840.82,840.82,840.82,840.82,840.82,840.82,840.82,840.82,840.82,840.82,840.82
The Netherlands,,..,..,..,..,..,..,..,..,..,..,..,..,..,..,..
  Amsterdam,,508.1,508.1,508.09,508.1,508.09,508.11,508.1,508.1,508.1,508.09,508.1,508.1,508.11,508.11,508.09
  The Hague,,18.67,18.67,18.67,18.67,18.67,18.67,18.67,18.68,18.68,18.67,18.68,18.68,18.67,18.68,18.67
  Rotterdam,,106.69,106.69,106.69,106.68,106.69,106.69,106.68,106.69,106.68,106.68,106.69,106.68,106.68,106.69,106.68
  Utrecht,,168.08,168.08,168.07,168.08,168.08,168.08,168.08,168.08,168.08,168.08,168.08,168.08,168.08,168.08,168.08
  Eindhoven,,579.15,579.15,579.15,579.15,579.15,579.15,579.15,579.15,579.15,579.15,579.15,579.15,579.15,579.15,579.15
Norway,,..,..,..,..,..,..,..,..,..,..,..,..,..,..,..
  Oslo,,376.51,376.51,376.51,376.51,376.51,376.52,376.51,376.51,376.51,376.51,376.52,376.51,376.51,376.51,376.51
Poland,,..,..,..,..,..,..,..,..,..,..,..,..,..,..,..
  Warsaw,,3105.67,3105.7,3105.69,3105.68,3105.68,3105.67,3105.69,3105.69,3105.68,3105.67,3105.69,3105.69,3105.69,3105.69,3105.7
  Katowice,,872.81,872.81,872.8,872.81,872.8,872.81,872.81,872.79,872.81,872.81,872.8,872.79,872.8,872.81,872.79
  Lódz,,395.62,395.62,395.62,395.62,395.62,395.61,395.61,395.61,395.62,395.62,395.62,395.62,395.62,395.61,395.61
  Kraków,,985.5,985.49,985.5,985.49,985.49,985.5,985.49,985.5,985.5,985.5,985.5,985.49,985.49,985.5,985.49
  Wroclaw,,500.59,500.59,500.58,500.59,500.59,500.59,500.58,500.58,500.58,500.58,500.58,500.59,500.58,500.58,500.58
  Poznan,,342.38,342.38,342.38,342.38,342.38,342.38,342.39,342.38,342.39,342.38,342.38,342.38,342.38,342.38,342.38
  Gdansk,,742.29,742.29,742.29,742.29,742.29,742.29,742.29,742.28,742.29,742.29,742.29,742.29,742.29,742.29,742.29
  Lublin,,327.36,327.35,327.36,327.35,327.36,327.35,327.35,327.35,327.35,327.36,327.36,327.35,327.36,327.35,327.35
Portugal,,..,..,..,..,..,..,..,..,..,..,..,..,..,..,..
  Lisbon,,183.53,183.54,183.52,183.54,183.52,183.52,183.53,183.54,183.53,183.53,183.52,183.53,183.53,183.54,183.53
  Porto,,87.15,87.15,87.15,87.15,87.15,87.15,87.15,87.15,87.15,87.15,87.15,87.15,87.15,87.16,87.15
Sweden,,..,..,..,..,..,..,..,..,..,..,..,..,..,..,..
  Stockholm,,231.4,231.4,231.41,231.39,231.41,231.41,231.41,231.39,231.41,231.4,231.4,231.41,231.41,231.4,231.41
  Gothenburg,,262.53,262.53,262.53,262.52,262.53,262.53,262.52,262.53,262.53,262.53,262.53,262.53,262.52,262.53,262.53
  Malmö,,570.56,570.56,570.56,570.56,570.56,570.56,570.56,570.57,570.56,570.57,570.56,570.56,570.57,570.57,570.57
Slovenia,,..,..,..,..,..,..,..,..,..,..,..,..,..,..,..
  Ljubljana,,540.51,540.51,540.51,540.51,540.51,540.51,540.51,540.51,540.51,540.51,540.51,540.51,540.51,540.51,540.51
Slovak Republic,,..,..,..,..,..,..,..,..,..,..,..,..,..,..,..
  Bratislava,,324.13,324.13,324.14,324.14,324.14,324.14,324.13,324.13,324.13,324.13,324.14,324.14,324.13,324.13,324.13
United Kingdom,,..,..,..,..,..,..,..,..,..,..,..,..,..,..,..
  London,,436.01,435.94,435.96,435.97,435.98,435.97,435.95,435.92,436,435.95,436.01,435.94,435.97,436,436.03
  Birmingham (UK),,270.69,270.69,270.69,270.68,270.68,270.68,270.68,270.68,270.69,270.68,270.68,270.69,270.69,270.68,270.68
  Leeds,,206.72,206.72,206.72,206.72,206.72,206.72,206.72,206.72,206.72,206.72,206.72,206.71,206.71,206.72,206.71
  Bradford,,82.21,82.22,82.22,82.21,82.21,82.21,82.21,82.22,82.21,82.21,82.21,82.22,82.21,82.21,82.21
  Liverpool,,57.96,57.95,57.96,57.96,57.96,57.96,57.96,57.96,57.96,57.96,57.96,57.96,57.96,57.96,57.96
  Manchester,,261.23,261.23,261.24,261.23,261.24,261.25,261.23,261.24,261.24,261.24,261.24,261.23,261.24,261.24,261.24
  Cardiff,,108.19,108.19,108.19,108.19,108.19,108.19,108.19,108.19,108.19,108.19,108.19,108.18,108.19,108.19,108.19
  Sheffield,,239.35,239.34,239.34,239.34,239.34,239.34,239.35,239.35,239.34,239.35,239.35,239.34,239.35,239.34,239.34
  Bristol,,95.52,95.52,95.52,95.52,95.52,95.52,95.53,95.52,95.52,95.53,95.52,95.52,95.53,95.53,95.53
  Newcastle,,170.44,170.44,170.44,170.44,170.44,170.44,170.44,170.44,170.44,170.44,170.44,170.44,170.44,170.44,170.44
  Leicester,,206.29,206.29,206.29,206.29,206.28,206.29,206.28,206.28,206.29,206.29,206.29,206.29,206.28,206.29,206.29
  Portsmouth,,52.8,52.81,52.81,52.81,52.81,52.81,52.81,52.81,52.8,52.81,52.81,52.8,52.8,52.81,52.81
  Nottingham,,224.53,224.53,224.53,224.53,224.53,224.54,224.54,224.54,224.53,224.53,224.53,224.53,224.53,224.53,224.53
  Glasgow,,100.03,100.03,100.03,100.04,100.04,100.03,100.03,100.03,100.03,100.03,100.03,100.04,100.03,100.03,100.03
  Edinburgh,,156.27,156.27,156.27,156.27,156.27,156.27,156.27,156.27,156.27,156.27,156.27,156.27,156.27,156.27,156.27
United States,,..,..,..,..,..,..,..,..,..,..,..,..,..,..,..
  Philadelphia,,1516.57,1516.57,1516.56,1516.56,1516.55,1516.58,1516.57,1516.56,1516.54,1516.57,1516.56,1516.58,1516.56,1516.58,1516.56
  Columbus,,3186.4,3186.4,3186.39,3186.39,3186.4,3186.39,3186.39,3186.39,3186.4,3186.39,3186.39,3186.39,3186.39,3186.39,3186.38
  Denver,,12.66,12.68,12.67,12.66,12.67,12.66,12.67,12.65,12.66,12.67,12.65,12.66,12.67,12.67,12.68
  Portland,,964.25,964.25,964.25,964.25,964.25,964.24,964.24,964.25,964.24,964.25,964.24,964.25,964.25,964.26,964.24
  Baltimore,,1939.66,1939.66,1939.65,1939.65,1939.66,1939.66,1939.65,1939.65,1939.67,1939.66,1939.65,1939.66,1939.66,1939.65,1939.65
  Cincinnati,,6291.65,6291.64,6291.64,6291.64,6291.65,6291.64,6291.64,6291.65,6291.66,6291.64,6291.64,6291.66,6291.65,6291.65,6291.64
  Washington,,5865.77,5865.76,5865.76,5865.74,5865.75,5865.74,5865.77,5865.79,5865.74,5865.75,5865.75,5865.75,5865.75,5865.75,5865.75
  Kansas City,,8672.43,8672.42,8672.42,8672.42,8672.42,8672.43,8672.43,8672.43,8672.43,8672.42,8672.43,8672.43,8672.42,8672.42,8672.43
  Saint Louis (US),,4764.14,4764.14,4764.14,4764.15,4764.14,4764.12,4764.13,4764.12,4764.13,4764.15,4764.12,4764.14,4764.13,4764.14,4764.13
  Sacramento/Roseville,,126.21,126.22,126.22,126.21,126.23,126.23,126.21,126.22,126.21,126.21,126.22,126.21,126.21,126.22,126.22
  Minneapolis,,9833.09,9833.08,9833.08,9833.1,9833.1,9833.09,9833.08,9833.09,9833.08,9833.1,9833.09,9833.09,9833.09,9833.08,9833.09
  San Francisco,,162.29,162.26,162.29,162.25,162.28,162.3,162.25,162.27,162.28,162.29,162.3,162.3,162.3,162.3,162.29
  Los Angeles,,90.13,90.09,90.22,90.19,90.16,90.14,90.11,90.09,90.07,90.23,90.21,90.2,90.2,90.19,90.19
  Atlanta,,466.88,466.89,466.89,466.87,466.88,466.89,466.9,466.87,466.87,466.87,466.87,466.86,466.89,466.87,466.88
  Phoenix,,38.43,38.43,38.44,38.43,38.43,38.42,38.43,38.41,38.41,38.43,38.44,38.42,38.43,38.42,38.43
  Dallas,,895.32,895.33,895.36,895.32,895.33,895.34,895.35,895.33,895.33,895.34,895.35,895.34,895.36,895.35,895.35
  San Diego,,33.26,33.27,33.27,33.27,33.27,33.26,33.28,33.27,33.28,33.27,33.27,33.28,33.28,33.28,33.28
  Houston,,3856.79,3856.76,3856.77,3856.75,3856.79,3856.8,3856.75,3856.78,3856.76,3856.75,3856.79,3856.79,3856.77,3856.76,3856.79
  San Antonio,,294.72,294.72,294.73,294.73,294.73,294.73,294.73,294.73,294.72,294.72,294.72,294.73,294.74,294.73,294.72
  Orlando,,989.8,989.79,989.8,989.79,989.79,989.79,989.8,989.79,989.79,989.78,989.79,989.78,989.79,989.78,989.8
  Miami,,818.09,818.07,818.08,818.06,818.05,818.07,818.05,818.06,818.09,818.09,818.06,818.06,818.08,818.08,818.05
  Seattle,,275.19,275.19,275.2,275.19,275.2,275.18,275.19,275.2,275.2,275.18,275.18,275.2,275.2,275.19,275.2
  Milwaukee,,2475.88,2475.88,2475.88,2475.87,2475.87,2475.88,2475.87,2475.87,2475.88,2475.87,2475.87,2475.87,2475.87,2475.88,2475.87
  Detroit,,2096.98,2096.98,2096.99,2097,2097.01,2097,2097,2097.01,2097,2097.01,2096.99,2096.99,2097.02,2096.99,2096.99
  Boston,,317.04,317.06,317.04,317.06,317.07,317.04,317.05,317.05,317.05,317.05,317.04,317.03,317.06,317.05,317.07
  Chicago,,3970.96,3970.95,3970.97,3970.94,3970.96,3970.96,3970.94,3971.01,3970.99,3970.99,3971.01,3970.99,3970.92,3970.93,3971.01
  Cleveland,,767.4,767.4,767.41,767.41,767.41,767.41,767.4,767.4,767.41,767.41,767.4,767.4,767.41,767.4,767.4
  New York,,658.36,658.28,658.35,658.43,658.34,658.41,658.32,658.39,658.3,658.37,658.43,658.34,658.4,658.3,658.36
  Harrisburg,,2185.01,2185.01,2185.01,2185.01,2185.01,2185.01,2185.01,2185.01,2185.01,2185.01,2185.01,2185.01,2185.01,2185.01,2185.01
  Indianapolis,,1712.11,1712.12,1712.12,1712.12,1712.12,1712.12,1712.12,1712.11,1712.12,1712.12,1712.12,1712.12,1712.12,1712.12,1712.12
  Dayton,,776.63,776.63,776.63,776.63,776.63,776.64,776.64,776.63,776.64,776.63,776.63,776.64,776.63,776.64,776.63
  Colorado Springs,,10.3,10.3,10.3,10.3,10.3,10.3,10.3,10.3,10.31,10.3,10.3,10.3,10.3,10.3,10.3
  Louisville,,5172.63,5172.63,5172.63,5172.63,5172.63,5172.64,5172.63,5172.63,5172.63,5172.63,5172.62,5172.63,5172.63,5172.64,5172.62
  Wichita,,24.47,24.47,24.47,24.47,24.47,24.47,24.47,24.47,24.47,24.47,24.47,24.47,24.47,24.47,24.47
  Richmond,,107.33,107.33,107.33,107.33,107.33,107.33,107.33,107.33,107.33,107.33,107.33,107.33,107.33,107.33,107.33
  Norfolk-Portsmouth-Chesapeake-Virginia beach,,816.35,816.35,816.35,816.34,816.35,816.34,816.35,816.35,816.35,816.35,816.34,816.35,816.35,816.35,816.35
  Fresno,,87.58,87.58,87.58,87.58,87.58,87.59,87.58,87.58,87.58,87.58,87.58,87.58,87.58,87.58,87.58
  Las Vegas,,3.22,3.22,3.22,3.22,3.22,3.22,3.23,3.22,3.22,3.22,3.21,3.22,3.23,3.21,3.21
  Nashville,,5360.46,5360.46,5360.45,5360.46,5360.46,5360.45,5360.45,5360.46,5360.46,5360.45,5360.46,5360.46,5360.46,5360.45,5360.46
  Tulsa,,2050.42,2050.42,2050.42,2050.42,2050.42,2050.42,2050.42,2050.42,2050.42,2050.42,2050.42,2050.42,2050.42,2050.42,2050.42
  Raleigh,,1853.37,1853.36,1853.36,1853.36,1853.36,1853.36,1853.36,1853.36,1853.37,1853.36,1853.36,1853.36,1853.37,1853.36,1853.36
  Oklahoma city,,164.64,164.65,164.64,164.64,164.65,164.65,164.65,164.64,164.64,164.65,164.64,164.64,164.64,164.64,164.65
  Charlotte,,1020.06,1020.06,1020.06,1020.06,1020.05,1020.05,1020.05,1020.06,1020.05,1020.06,1020.06,1020.05,1020.06,1020.06,1020.06
  Albuquerque,,60.75,60.75,60.74,60.75,60.75,60.75,60.75,60.75,60.74,60.75,60.75,60.74,60.75,60.75,60.74
  Memphis,,4058.98,4058.98,4058.98,4058.98,4058.99,4058.99,4058.98,4058.98,4058.99,4058.98,4058.98,4058.98,4058.98,4058.98,4058.98
  Little Rock,,1884.49,1884.49,1884.49,1884.49,1884.49,1884.49,1884.49,1884.49,1884.49,1884.49,1884.49,1884.49,1884.49,1884.49,1884.49
  Columbia,,137.6,137.6,137.6,137.59,137.6,137.6,137.6,137.6,137.59,137.6,137.6,137.59,137.6,137.6,137.6
  Birmingham (US),,1088.1,1088.11,1088.1,1088.11,1088.11,1088.1,1088.1,1088.11,1088.11,1088.11,1088.11,1088.11,1088.1,1088.11,1088.11
  Fort Worth,,45.29,45.29,45.3,45.29,45.3,45.29,45.29,45.29,45.29,45.3,45.3,45.29,45.3,45.29,45.3
  Charleston,,302.89,302.88,302.88,302.88,302.89,302.89,302.88,302.88,302.88,302.88,302.88,302.89,302.88,302.89,302.88
  Tucson,,1.07,1.07,1.07,1.08,1.08,1.07,1.07,1.08,1.07,1.07,1.07,1.07,1.07,1.08,1.07
  El Paso,,3.01,3.01,3.01,3.01,3,3.01,3.01,3,3,3.01,3.01,3.01,3.01,3.01,3
  Baton Rouge,,542.66,542.66,542.66,542.65,542.66,542.66,542.66,542.66,542.66,542.66,542.66,542.65,542.66,542.66,542.65
  Austin,,276.7,276.7,276.7,276.7,276.69,276.7,276.69,276.69,276.69,276.69,276.7,276.69,276.69,276.69,276.7
  Jacksonville,,217.45,217.45,217.45,217.45,217.45,217.45,217.46,217.45,217.45,217.45,217.45,217.44,217.45,217.45,217.45
  New Orleans,,238.92,238.91,238.92,238.92,238.92,238.92,238.91,238.92,238.91,238.92,238.91,238.92,238.92,238.92,238.92
  Clearwater/Saint Petersburg,,384.67,384.67,384.67,384.67,384.67,384.67,384.67,384.66,384.67,384.67,384.68,384.67,384.67,384.68,384.66
  Tampa,,567.77,567.77,567.77,567.77,567.77,567.77,567.77,567.77,567.77,567.78,567.77,567.77,567.77,567.78,567.78
  Mcallen,,108.4,108.4,108.4,108.41,108.4,108.4,108.4,108.4,108.4,108.4,108.41,108.4,108.4,108.4,108.4
  Madison,,2698.26,2698.26,2698.26,2698.26,2698.26,2698.26,2698.26,2698.26,2698.26,2698.26,2698.26,2698.26,2698.26,2698.26,2698.26
  Buffalo,,2640.94,2640.95,2640.95,2640.94,2640.95,2640.95,2640.95,2640.94,2640.95,2640.95,2640.94,2640.95,2640.94,2640.95,2640.94
  Grand Rapids,,1688.72,1688.72,1688.72,1688.72,1688.72,1688.72,1688.72,1688.72,1688.72,1688.72,1688.72,1688.72,1688.72,1688.72,1688.72
  Albany,,1601.78,1601.79,1601.78,1601.78,1601.78,1601.79,1601.78,1601.78,1601.78,1601.78,1601.78,1601.79,1601.78,1601.78,1601.79
  Providence,,103.68,103.68,103.68,103.68,103.68,103.68,103.68,103.68,103.68,103.68,103.68,103.68,103.68,103.68,103.68
  Toledo (US),,253.08,253.08,253.08,253.08,253.08,253.08,253.08,253.08,253.08,253.08,253.08,253.08,253.08,253.08,253.08
  Des Moines,,3023.47,3023.47,3023.47,3023.47,3023.47,3023.47,3023.47,3023.47,3023.47,3023.47,3023.46,3023.47,3023.46,3023.47,3023.47
  Omaha,,638.82,638.83,638.83,638.83,638.82,638.82,638.82,638.82,638.82,638.83,638.83,638.82,638.82,638.82,638.82
  Akron,,696.78,696.78,696.78,696.78,696.78,696.78,696.78,696.78,696.78,696.78,696.78,696.78,696.78,696.78,696.78
  Salt Lake City,,630.24,630.24,630.24,630.24,630.24,630.24,630.24,630.24,630.24,630.23,630.24,630.24,630.23,630.23,630.24
  Pittsburgh,,754.31,754.31,754.31,754.31,754.31,754.32,754.31,754.3,754.31,754.31,754.31,754.31,754.31,754.31,754.3
Data  Source: OECD.Stat,,,,,,,,,,,,,,,,
,,,,,,,,,,,,,,,,
Note: Green area per capita is calculated from Green area per million people and city population data source from OECD.,,,,,,,,,,,,,,,,
